id_etudiant,sexe,age,ville,filiere,heures_etude,taux_presence,note_python,note_stats,note_algebre,date_inscription
E001,M,24,Bohicon,Économie,7.3,80.0,7.8,10.8,5.4,2026-04-05
E002,M,26,porto-novo ,Informatique,3.6,79.0,10.5,7.7,7.1,2026-04-03
E003,F,30,Cotonou,Physique,7.9,80.0,8.7,9.1,8.0,2026-04-03
E004,F,25,Abomey-Calavi,Économie,9.2,77.0,13.1,11.9,12.0,2026-03-18
E005,M,24,parakou ,Maths,10.1,63.0,17.0,17.9,15.9,2026-04-07
E006,M,20,Abomey-Calavi,Physique,16.4,74.0,15.4,13.3,17.7,2026-06-07
E007,F,24,Parakou,Économie,11.7,91.0,13.9,7.4,13.0,2026-04-15
E008,M,20,Abomey-Calavi,Économie,16.5,64.0,12.3,13.5,13.8,2026-06-26
E009,M,21,Abomey-Calavi,Maths,12.4,78.0,9.6,9.0,11.4,2026-07-01
E010,F,32,Cotonou,Informatique,11.9,70.0,10.9,11.3,12.9,2026-06-23
E011,F,20,Abomey-Calavi,Informatique,12.9,81.0,11.1,11.2,9.7,2026-05-20
E012,M,25,Cotonou,Physique,5.9,75.0,7.1,7.9,11.7,2026-04-17
E013,M,30,abomey-calavi ,Économie,13.8,98.0,17.5,16.8,12.7,2026-07-18
E014,F,32,Parakou,Économie,7.9,86.0,11.3,7.6,12.0,2026-03-31
E015,M,21,Cotonou,Informatique,8.1,64.0,10.8,9.6,14.2,2026-05-09
E016,F,21,Abomey-Calavi,Maths,9.6,88.0,12.0,13.1,13.8,2026-05-08
E017,M,24,Cotonou,Informatique,7.5,71.0,9.9,8.8,10.2,2026-06-20
E018,F,26,Abomey-Calavi,Maths,5.2,73.0,11.6,7.4,12.0,2026-05-22
E019,M,32,Cotonou,Économie,9.2,84.0,11.1,12.5,4.7,2026-06-28
E020,F,21,bohicon ,Économie,8.1,74.0,11.1,13.4,13.0,2026-07-16
E021,F,21,Cotonou,Économie,7.9,91.0,10.6,10.5,10.6,2026-04-28
E022,M,22,BOHICON,Informatique,8.7,71.0,10.1,6.1,9.4,2026-07-10
E023,F,31,Parakou,Physique,2.3,73.0,5.4,8.8,11.2,2026-03-26
E024,F,19,ABOMEY-CALAVI,Physique,8.0,72.0,6.8,4.9,8.1,2026-07-16
E025,F,24,Parakou,Économie,17.5,73.0,13.7,14.0,10.4,2026-03-27
E026,M,20,Parakou,Maths,16.8,93.0,16.3,12.7,14.1,2026-07-06
E027,M,21,Bohicon,Informatique,9.3,88.0,9.5,7.6,10.2,2026-04-28
E028,M,31,Cotonou,Maths,9.2,100.0,13.1,11.1,13.2,2026-07-23
E029,F,19,Abomey-Calavi,Maths,1.9,100.0,10.0,9.3,11.6,2026-03-20
E030,F,23,Cotonou,Économie,6.8,68.0,4.8,5.9,9.9,2026-05-09
E031,F,31,Abomey-Calavi,Économie,12.9,81.0,10.8,12.5,9.1,2026-07-14
E032,M,27,Cotonou,Physique,7.4,66.0,10.9,9.8,11.9,2026-03-08
E033,M,20,Abomey-Calavi,Informatique,15.0,71.0,14.4,15.6,17.9,2026-04-09
E034,M,25,Abomey-Calavi,Informatique,14.6,72.0,11.2,12.2,8.0,2026-03-13
E035,M,32,Porto-Novo,Informatique,6.7,67.0,10.0,8.6,11.0,2026-04-18
E036,F,24,Abomey-Calavi,Maths,,67.0,13.4,10.5,11.2,2026-04-28
E037,M,26,Parakou,Maths,18.2,78.0,17.4,11.8,13.5,2026-06-01
E038,M,26,Parakou,Informatique,3.9,65.0,8.1,9.5,8.0,2026-04-08
E039,F,28,Porto-Novo,Maths,7.5,90.0,10.8,9.9,11.3,2026-03-24
E040,F,21,Abomey-Calavi,Économie,3.7,69.0,6.5,2.8,11.2,2026-03-26
E041,F,30,Bohicon,Informatique,5.6,100.0,12.1,10.0,8.6,2026-07-19
E042,F,32,Cotonou,Économie,20.8,75.0,16.3,,10.7,2026-07-21
E043,F,20,Cotonou,Économie,7.5,81.0,11.5,14.5,9.5,2026-04-03
E044,M,30,Cotonou,Informatique,2.7,64.0,7.9,4.9,12.7,2026-03-30
E045,M,30,abomey-calavi ,Économie,5.2,100.0,12.0,7.9,9.1,2026-03-09
E046,F,29,Porto-Novo,Économie,3.4,93.0,9.3,11.9,11.0,2026-07-22
E047,F,24,Parakou,Informatique,9.9,84.0,13.7,15.5,13.4,2026-06-14
E048,M,25,Abomey-Calavi,Informatique,11.3,64.0,13.3,10.8,10.0,2026-06-23
E049,M,30,cotonou ,Économie,13.9,83.0,11.6,10.4,10.6,2026-04-13
E050,M,21,Parakou,Maths,12.5,67.0,9.0,11.6,18.0,2026-06-05
E051,F,30,Parakou,Maths,4.0,98.0,13.8,6.9,14.9,2026-03-09
E052,M,31,Cotonou,Maths,11.0,90.0,13.9,8.6,10.0,2026-06-10
E053,F,28,Porto-Novo,Économie,8.5,81.0,7.3,8.2,10.6,2026-05-26
E054,F,23,Cotonou,Économie,14.9,51.0,10.3,14.6,10.4,2026-04-19
E055,M,26,Cotonou,Économie,13.2,68.0,13.6,11.8,7.9,2026-06-15
E056,M,19,Cotonou,Économie,22.1,88.0,16.7,15.6,17.3,2026-06-05
E057,M,32,Bohicon,Informatique,5.4,95.0,9.7,12.4,14.9,2026-05-05
E058,M,23,Porto-Novo,Informatique,5.0,93.0,13.2,16.4,17.2,2026-03-29
E059,M,19,porto-novo ,Maths,7.0,61.0,7.7,7.7,8.7,2026-03-04
E060,F,30,ABOMEY-CALAVI,Maths,8.7,84.0,10.4,10.5,11.4,2026-07-19
E061,F,28,Abomey-Calavi,Économie,6.3,92.0,10.8,14.6,14.4,2026-04-12
E062,F,27,Bohicon,Informatique,5.6,60.0,9.5,6.4,10.5,2026-04-15
E063,F,19,Parakou,Informatique,10.7,80.0,13.2,14.6,12.9,2026-06-11
E064,M,29,Porto-Novo,Économie,7.0,83.0,12.0,9.0,6.7,2026-04-08
E065,F,27,Porto-Novo,Économie,6.2,76.0,9.7,10.2,10.8,2026-04-26
E066,M,30,Bohicon,Informatique,4.0,58.0,8.9,8.7,13.0,2026-06-15
E067,M,30,Abomey-Calavi,Informatique,2.1,76.0,7.6,6.3,5.9,2026-05-29
E068,M,21,Bohicon,Informatique,17.1,76.0,15.0,11.8,14.9,2026-06-07
E069,F,21,Cotonou,Maths,16.8,78.0,15.5,14.8,15.9,2026-03-01
E070,M,31,Parakou,Informatique,13.4,73.0,13.4,14.9,16.0,2026-05-07
E071,M,26,Abomey-Calavi,Maths,11.9,75.0,14.4,12.8,16.1,2026-05-11
E072,M,25,COTONOU,Informatique,6.7,80.0,11.5,11.2,10.3,2026-06-03
E073,M,23,Abomey-Calavi,Physique,12.2,85.0,13.5,13.9,9.9,2026-03-23
E074,M,27,Abomey-Calavi,Maths,4.8,76.0,8.1,6.8,8.3,2026-03-24
E075,M,29,Cotonou,Maths,9.6,75.0,12.0,13.2,15.6,2026-06-23
E076,F,19,Porto-Novo,Informatique,5.9,81.0,10.1,11.9,10.5,2026-06-09
E077,M,26,Parakou,Informatique,12.2,57.0,11.9,17.5,12.9,2026-06-30
E078,F,32,Cotonou,Économie,18.8,86.0,20.0,16.1,11.4,2026-04-10
E079,M,22,Porto-Novo,Informatique,5.2,80.0,8.7,8.3,14.4,2026-07-28
E080,M,22,Porto-Novo,Économie,6.9,80.0,10.7,12.3,13.7,2026-04-10
E081,M,31,Cotonou,Économie,9.5,92.0,13.9,14.4,15.4,2026-06-06
E082,F,19,BOHICON,Informatique,3.0,57.0,7.6,7.3,11.7,2026-03-25
E083,F,24,Parakou,Économie,3.5,56.0,11.6,9.8,12.4,2026-07-16
E084,M,25,Cotonou,Maths,18.5,83.0,15.5,15.6,14.8,2026-04-19
E085,F,30,Bohicon,Maths,10.7,80.0,13.3,10.5,12.3,2026-06-29
E086,F,20,Parakou,Maths,6.5,82.0,9.2,8.8,9.7,2026-04-19
E087,F,25,Cotonou,Économie,9.0,74.0,9.8,10.5,17.2,2026-06-27
E088,F,21,Parakou,Informatique,7.0,88.0,11.5,13.2,14.2,2026-05-08
E089,M,30,Cotonou,Maths,9.6,91.0,14.5,11.6,12.3,2026-03-10
E090,M,27,Bohicon,Informatique,7.2,86.0,11.6,,11.6,2026-03-29
E091,F,25,abomey-calavi ,Maths,8.6,77.0,14.0,8.3,9.5,2026-06-11
E092,F,24,ABOMEY-CALAVI,Économie,12.7,55.0,10.8,8.5,13.9,2026-03-29
E093,F,21,Cotonou,Informatique,12.3,89.0,12.8,,10.0,2026-04-11
E094,F,31,Parakou,Informatique,,95.0,20.0,16.5,17.9,2026-05-21
E095,F,28,Cotonou,Informatique,11.1,88.0,13.7,10.0,14.9,2026-04-07
E096,M,23,Cotonou,Économie,9.3,69.0,8.9,8.3,10.4,2026-03-20
E097,F,24,Cotonou,Informatique,19.3,88.0,15.2,12.6,13.9,2026-06-02
E098,F,29,Parakou,Maths,8.2,90.0,10.2,9.5,11.4,2026-06-12
E099,F,29,Cotonou,Maths,2.2,99.0,11.8,13.6,13.3,2026-06-18
E100,F,25,Bohicon,Physique,13.5,69.0,12.3,13.6,12.0,2026-07-20
E101,F,23,Abomey-Calavi,Physique,10.4,77.0,12.4,11.9,11.6,2026-03-19
E102,F,28,Cotonou,Économie,9.1,89.0,11.3,10.1,14.6,2026-05-04
E103,M,28,Cotonou,Informatique,13.7,81.0,15.1,12.7,13.4,2026-04-05
E104,F,27,cotonou ,Physique,7.2,67.0,8.4,10.0,8.9,2026-07-14
E105,M,20,ABOMEY-CALAVI,Économie,2.3,85.0,6.0,8.8,7.5,2026-05-20
E106,M,25,Parakou,Économie,13.8,87.0,13.9,11.0,14.8,2026-03-15
E107,F,27,Cotonou,Informatique,6.4,81.0,11.5,11.1,13.7,2026-06-12
E108,F,32,Parakou,Informatique,5.3,83.0,10.6,5.9,11.1,2026-03-07
E109,M,26,Cotonou,Maths,2.4,77.0,7.1,8.6,9.4,2026-04-11
E110,M,23,parakou ,Physique,13.3,98.0,16.0,,16.9,2026-06-17
E111,F,26,Bohicon,Informatique,1.7,69.0,6.0,6.9,7.0,2026-05-15
E112,F,21,Parakou,Maths,16.4,73.0,13.7,17.2,14.8,2026-06-23
E113,F,20,Abomey-Calavi,Informatique,7.6,80.0,8.9,7.7,12.3,2026-05-25
E114,M,28,Parakou,Informatique,13.6,91.0,16.8,15.1,17.3,2026-07-05
E115,M,32,Cotonou,Maths,11.2,62.0,13.0,12.2,10.8,2026-05-24
E116,F,30,Cotonou,Physique,21.1,64.0,17.3,15.4,13.5,2026-03-09
E117,F,27,Cotonou,Économie,11.1,56.0,12.8,11.9,12.4,2026-03-11
E118,M,19,Abomey-Calavi,Économie,16.1,80.0,19.7,16.7,20.0,2026-06-25
E119,F,32,Abomey-Calavi,Informatique,6.7,67.0,6.2,10.0,5.2,2026-03-06
E120,M,25,Abomey-Calavi,Économie,3.5,75.0,6.6,11.0,10.6,2026-04-26
E121,M,23,Parakou,Informatique,14.6,88.0,13.2,12.7,9.7,2026-03-03
E122,F,31,Cotonou,Économie,3.5,72.0,6.2,9.6,7.6,2026-04-15
E123,F,29,Abomey-Calavi,Maths,13.2,83.0,11.8,10.2,11.2,2026-05-29
E124,F,29,Cotonou,Informatique,4.9,76.0,8.8,11.0,10.1,2026-03-26
E125,M,22,Cotonou,Maths,10.5,88.0,10.6,9.2,10.0,2026-05-09
E126,F,32,Abomey-Calavi,Informatique,21.3,86.0,18.0,18.4,16.9,2026-07-28
E127,F,25,Bohicon,Informatique,12.7,72.0,12.7,17.1,13.4,2026-03-11
E128,F,26,Abomey-Calavi,Maths,8.2,78.0,12.3,11.3,9.1,2026-03-10
E129,F,29,Cotonou,Maths,11.4,93.0,14.7,8.4,14.2,2026-04-10
E130,M,28,Abomey-Calavi,Informatique,6.9,85.0,12.0,10.1,13.6,2026-07-03
E131,F,21,Cotonou,Maths,25.3,63.0,17.4,18.8,19.4,2026-04-30
E132,M,23,Parakou,Physique,6.1,88.0,15.1,14.1,10.6,2026-06-04
E133,M,24,Abomey-Calavi,Informatique,8.7,67.0,11.0,11.5,12.7,2026-03-06
E134,M,32,Cotonou,Informatique,12.1,97.0,10.1,13.0,14.0,2026-06-19
E135,F,29,Cotonou,Informatique,11.0,92.0,11.1,12.3,9.7,2026-03-11
E136,M,24,Cotonou,Maths,11.6,83.0,9.7,13.2,12.7,2026-06-15
E137,M,29,Bohicon,Physique,6.9,82.0,10.9,12.7,12.3,2026-03-23
E138,F,29,Porto-Novo,Informatique,8.0,77.0,10.6,14.0,17.5,2026-07-07
E139,M,24,Parakou,Économie,14.3,88.0,12.8,13.2,17.4,2026-04-14
E140,M,24,Abomey-Calavi,Maths,13.9,76.0,17.8,17.2,12.6,2026-03-28
E141,F,31,Abomey-Calavi,Informatique,11.1,83.0,13.7,12.0,19.2,2026-04-20
E142,M,26,Cotonou,Informatique,17.1,90.0,17.1,13.8,12.5,2026-03-01
E143,M,21,Bohicon,Physique,14.6,73.0,11.9,15.8,16.6,2026-03-25
E144,M,29,Cotonou,Informatique,13.7,73.0,11.1,12.0,14.7,2026-05-29
E145,M,27,Abomey-Calavi,Informatique,3.4,66.0,8.2,10.6,8.3,2026-04-15
E146,F,26,Abomey-Calavi,Informatique,11.0,67.0,11.9,11.9,13.7,2026-04-23
E147,M,29,abomey-calavi ,Informatique,10.0,58.0,6.9,7.5,8.9,2026-06-30
E148,F,31,Bohicon,Informatique,18.2,89.0,15.8,14.5,16.0,2026-03-19
E149,M,23,Cotonou,Informatique,1.2,100.0,9.2,12.3,12.4,2026-04-29
E150,M,24,Abomey-Calavi,Maths,8.4,97.0,12.2,12.8,16.2,2026-03-28
E151,F,21,Porto-Novo,Économie,9.6,60.0,8.3,5.8,8.5,2026-05-12
E152,F,28,Porto-Novo,Physique,4.9,89.0,9.3,9.1,10.3,2026-04-19
E153,F,24,Cotonou,Maths,5.4,97.0,10.9,14.5,16.3,2026-03-07
E154,F,23,Cotonou,Informatique,18.2,75.0,15.5,13.9,15.7,2026-03-11
E155,F,28,Cotonou,Maths,11.6,81.0,14.3,9.1,14.2,2026-07-06
E156,F,24,Cotonou,Économie,21.3,56.0,17.1,19.7,14.9,2026-03-09
E157,F,25,PORTO-NOVO,Informatique,8.3,83.0,10.7,12.2,9.6,2026-06-26
E158,F,25,Abomey-Calavi,Économie,3.9,67.0,6.9,8.0,7.3,2026-07-16
E159,M,22,Abomey-Calavi,Économie,7.7,82.0,11.3,10.1,9.4,2026-05-09
E160,M,20,Porto-Novo,Économie,7.0,61.0,10.0,12.6,13.5,2026-04-16
E161,M,30,Porto-Novo,Maths,12.9,87.0,13.2,11.3,15.4,2026-06-25
E162,F,20,Cotonou,Physique,12.7,92.0,15.6,16.4,15.2,2026-07-26
E163,M,23,Abomey-Calavi,Maths,11.8,71.0,14.5,14.4,18.2,2026-03-19
E164,M,28,Cotonou,Maths,24.5,66.0,20.0,18.0,20.0,2026-07-23
E165,F,20,Cotonou,Informatique,16.6,54.0,16.9,15.3,15.9,2026-07-20
E166,F,28,Porto-Novo,Informatique,5.7,77.0,8.1,8.6,7.9,2026-03-22
E167,M,29,Porto-Novo,Économie,14.8,73.0,13.1,15.0,17.3,2026-03-09
E168,F,28,Cotonou,Économie,9.3,61.0,9.9,8.5,9.7,2026-06-16
E169,M,23,abomey-calavi ,Informatique,8.2,85.0,11.2,7.4,10.7,2026-03-12
E170,M,19,Abomey-Calavi,Physique,17.6,75.0,13.9,14.8,13.5,2026-05-30
E171,F,31,Abomey-Calavi,Informatique,5.5,67.0,6.1,9.3,7.4,2026-03-10
E172,F,23,Abomey-Calavi,Informatique,14.3,73.0,13.6,14.0,10.1,2026-06-12
E173,M,30,Abomey-Calavi,Informatique,,93.0,12.6,13.1,14.7,2026-04-04
E174,M,21,Cotonou,Physique,5.4,87.0,10.6,9.7,9.4,2026-03-15
E175,F,21,Parakou,Maths,,78.0,7.6,10.3,18.5,2026-03-10
E176,M,29,Abomey-Calavi,Maths,8.8,87.0,10.0,10.3,8.9,2026-03-29
E177,M,32,Porto-Novo,Informatique,1.0,66.0,7.5,7.1,6.1,2026-05-21
E178,M,31,Abomey-Calavi,Physique,15.6,80.0,14.9,13.1,15.3,2026-03-12
E179,M,29,Porto-Novo,Physique,11.0,82.0,13.8,17.2,19.1,2026-06-29
E180,F,22,Abomey-Calavi,Économie,17.9,74.0,18.9,12.3,14.3,2026-05-30
E181,F,31,Abomey-Calavi,Physique,10.6,85.0,13.2,13.4,15.1,2026-04-14
E182,M,28,Parakou,Physique,18.5,71.0,16.4,11.2,9.1,2026-07-26
E183,F,21,Bohicon,Informatique,6.6,86.0,8.6,9.1,8.6,2026-06-07
E184,M,20,Abomey-Calavi,Informatique,11.8,87.0,10.6,10.0,8.6,2026-06-09
E185,M,31,Abomey-Calavi,Économie,7.4,45.0,11.2,6.3,4.6,2026-03-27
E186,F,22,Parakou,Économie,8.6,94.0,9.7,11.0,11.1,2026-06-15
E187,M,29,Cotonou,Informatique,9.6,43.0,7.4,8.2,4.0,2026-05-23
E188,F,20,Parakou,Maths,11.0,73.0,12.3,7.2,7.8,2026-07-26
E189,M,22,Porto-Novo,Économie,6.1,92.0,10.1,12.0,10.0,2026-05-11
E190,F,22,Cotonou,Informatique,11.5,76.0,10.5,14.1,10.8,2026-06-10
E191,M,22,Cotonou,Physique,9.4,62.0,10.1,13.8,13.9,2026-04-21
E192,M,28,Parakou,Maths,4.1,67.0,11.3,11.4,13.2,2026-03-07
E193,F,31,Cotonou,Maths,3.0,92.0,8.3,8.9,12.8,2026-03-20
E194,M,31,Cotonou,Économie,15.7,57.0,9.7,13.8,13.8,2026-07-09
E195,M,29,Cotonou,Maths,2.0,94.0,11.4,14.2,16.5,2026-06-19
E196,M,21,Cotonou,Maths,,79.0,12.5,14.2,13.9,2026-04-24
E197,M,32,Cotonou,Informatique,3.8,66.0,7.0,6.2,9.4,2026-06-13
E198,M,26,Abomey-Calavi,Physique,20.0,73.0,13.0,13.6,14.9,2026-03-01
E199,F,26,Cotonou,Maths,12.1,68.0,11.0,12.2,13.1,2026-03-06
E200,M,28,Parakou,Informatique,,90.0,12.8,8.1,10.2,2026-05-16
E201,F,29,Parakou,Économie,5.8,89.0,12.3,12.4,11.3,2026-06-02
E202,M,32,Porto-Novo,Physique,4.0,59.0,6.1,12.7,9.2,2026-07-19
E203,M,27,Cotonou,Informatique,10.0,75.0,11.4,12.7,13.7,2026-06-22
E204,F,27,Abomey-Calavi,Maths,9.1,70.0,12.6,15.1,14.1,2026-04-08
E205,F,29,Cotonou,Maths,4.9,96.0,6.2,8.3,8.0,2026-07-01
E206,M,22,Porto-Novo,Maths,4.8,64.0,11.1,10.4,10.3,2026-05-13
E207,F,23,Bohicon,Maths,4.7,99.0,8.7,10.1,8.1,2026-07-02
E208,M,27,Bohicon,Économie,4.6,80.0,9.5,7.9,12.0,2026-03-27
E209,F,19,Parakou,Maths,6.5,66.0,10.4,8.2,11.1,2026-03-04
E210,M,23,Cotonou,Informatique,10.8,72.0,13.9,15.5,12.3,2026-03-09
E211,F,29,Abomey-Calavi,Économie,11.8,70.0,12.6,15.1,15.4,2026-07-27
E212,F,32,abomey-calavi ,Informatique,9.0,65.0,5.8,5.9,6.8,2026-03-13
E213,M,26,Porto-Novo,Maths,9.8,81.0,10.7,13.0,9.4,2026-07-19
E214,M,24,Abomey-Calavi,Économie,12.0,65.0,11.6,11.4,14.1,2026-06-18
E215,F,25,Cotonou,Économie,2.5,54.0,6.0,8.3,7.3,2026-03-22
E216,M,28,Cotonou,Économie,10.2,75.0,12.0,12.7,11.2,2026-07-08
E217,M,26,Abomey-Calavi,Maths,17.0,58.0,15.7,16.5,15.9,2026-03-22
E218,M,19,Cotonou,Maths,8.3,71.0,12.2,11.7,15.7,2026-03-22
E219,F,26,Cotonou,Physique,15.4,69.0,13.4,,14.8,2026-05-26
E220,M,24,Parakou,Informatique,8.4,70.0,6.9,9.3,6.9,2026-04-13
E221,M,28,Bohicon,Informatique,12.5,100.0,13.3,13.9,15.0,2026-04-13
E222,M,31,Abomey-Calavi,Informatique,10.7,81.0,13.1,10.4,11.0,2026-03-30
E223,M,32,Parakou,Économie,4.6,83.0,6.9,13.0,15.5,2026-05-31
E224,M,27,Bohicon,Physique,5.3,59.0,10.0,11.1,11.7,2026-03-05
E225,F,24,Cotonou,Informatique,18.5,72.0,17.1,16.8,10.4,2026-04-06
E226,M,25,Porto-Novo,Physique,13.8,83.0,14.2,9.7,13.3,2026-05-23
E227,M,21,Porto-Novo,Maths,8.7,68.0,4.9,5.7,13.1,2026-05-12
E228,M,32,Cotonou,Informatique,8.1,91.0,9.1,12.6,15.8,2026-06-13
E229,F,30,Parakou,Économie,5.8,66.0,12.3,12.0,16.6,2026-04-02
E230,F,30,Porto-Novo,Maths,11.2,77.0,11.6,7.3,8.3,2026-06-06
E231,M,23,Porto-Novo,Maths,6.1,73.0,6.2,10.3,12.7,2026-06-22
E232,F,23,Cotonou,Informatique,7.5,82.0,13.4,10.9,10.7,2026-04-28
E233,M,30,Cotonou,Physique,6.5,72.0,10.1,13.3,13.2,2026-04-08
E234,F,26,Bohicon,Informatique,13.4,77.0,15.5,13.6,11.0,2026-05-23
E235,M,28,Cotonou,Physique,8.5,77.0,11.8,11.8,10.9,2026-05-26
E236,M,25,Cotonou,Économie,9.9,71.0,11.6,14.0,10.9,2026-03-15
E237,F,25,Cotonou,Informatique,4.7,86.0,10.6,8.3,12.9,2026-05-24
E238,F,27,Porto-Novo,Économie,6.5,83.0,11.3,8.7,12.4,2026-03-24
E239,M,30,Abomey-Calavi,Maths,10.0,79.0,16.8,13.8,15.8,2026-05-25
E240,M,23,Porto-Novo,Maths,3.5,75.0,11.0,12.2,9.3,2026-07-18
E241,F,30,Cotonou,Économie,8.2,90.0,7.9,6.3,7.6,2026-05-20
E242,M,22,COTONOU,Économie,9.1,77.0,11.6,7.6,8.2,2026-06-23
E243,M,24,Parakou,Maths,4.4,76.0,11.8,12.8,15.3,2026-04-16
E244,M,31,Abomey-Calavi,Informatique,,81.0,16.6,13.3,17.4,2026-07-17
E245,F,32,Abomey-Calavi,Économie,10.9,100.0,12.1,10.9,14.1,2026-06-30
E246,F,31,Abomey-Calavi,Physique,8.5,64.0,12.8,7.8,9.4,2026-07-16
E247,F,23,Parakou,Économie,6.2,89.0,12.0,9.7,4.1,2026-06-20
E248,F,30,Cotonou,Informatique,3.4,57.0,12.7,11.3,8.0,2026-06-06
E249,F,32,Porto-Novo,Informatique,14.5,83.0,12.6,14.4,17.2,2026-05-18
E250,M,32,Abomey-Calavi,Informatique,7.2,99.0,10.8,8.9,9.9,2026-07-18
E251,F,19,Cotonou,Économie,3.9,86.0,8.3,12.6,9.2,2026-07-06
E252,M,29,Parakou,Physique,6.1,82.0,9.5,8.3,14.6,2026-05-02
E253,F,32,Porto-Novo,Informatique,11.5,73.0,10.4,9.4,14.1,2026-03-13
E254,F,29,Parakou,Maths,10.4,80.0,7.0,12.2,11.5,2026-03-01
E255,M,22,Parakou,Maths,4.9,77.0,9.0,9.9,10.4,2026-04-05
E256,M,29,Abomey-Calavi,Économie,,71.0,14.1,12.1,12.2,2026-03-10
E257,F,20,Bohicon,Économie,3.9,77.0,7.4,8.1,9.5,2026-04-01
E258,F,25,Abomey-Calavi,Maths,17.3,82.0,19.6,19.5,20.0,2026-03-17
E259,F,27,Parakou,Maths,10.1,71.0,11.8,14.7,15.0,2026-07-26
E260,M,25,cotonou ,Informatique,7.4,70.0,12.7,9.9,13.7,2026-03-15
E261,M,28,Porto-Novo,Maths,8.0,64.0,11.0,10.7,15.0,2026-06-03
E262,F,22,Abomey-Calavi,Économie,9.5,85.0,13.0,12.3,9.4,2026-04-22
E263,F,27,Cotonou,Informatique,12.0,87.0,13.8,10.6,14.4,2026-03-27
E264,M,28,Porto-Novo,Maths,3.0,83.0,12.1,10.8,11.7,2026-06-14
E265,M,27,Bohicon,Physique,6.0,92.0,11.1,10.7,5.6,2026-07-24
E266,M,23,Abomey-Calavi,Maths,9.4,81.0,13.1,14.6,9.0,2026-06-27
E267,M,23,Cotonou,Informatique,16.0,85.0,15.6,16.9,13.0,2026-07-25
E268,F,22,Cotonou,Maths,15.7,84.0,14.5,12.8,15.3,2026-05-28
E269,F,25,Cotonou,Maths,19.1,79.0,17.1,14.9,15.9,2026-06-10
E270,F,27,Cotonou,Maths,15.4,74.0,18.8,17.4,17.6,2026-03-22
E271,M,24,Bohicon,Maths,5.7,100.0,11.0,9.3,16.4,2026-07-06
E272,M,24,Porto-Novo,Maths,9.1,75.0,12.4,13.0,10.3,2026-06-21
E273,M,23,Cotonou,Maths,15.4,72.0,16.8,14.6,15.3,2026-04-08
E274,M,22,Abomey-Calavi,Informatique,14.7,85.0,16.6,,14.8,2026-04-23
E275,M,28,Cotonou,Économie,8.2,83.0,10.7,8.6,8.3,2026-05-31
E276,M,30,Cotonou,Informatique,11.8,63.0,6.9,12.2,11.1,2026-03-02
E277,F,23,Abomey-Calavi,Informatique,,93.0,12.4,11.2,8.3,2026-07-01
E278,F,31,Abomey-Calavi,Informatique,3.7,79.0,4.6,10.5,13.2,2026-04-12
E279,F,26,Bohicon,Physique,8.6,67.0,13.6,11.2,11.2,2026-03-12
E280,M,21,Abomey-Calavi,Physique,8.3,94.0,12.5,12.4,18.1,2026-04-19
E281,F,24,Porto-Novo,Maths,6.9,88.0,13.4,17.3,15.4,2026-07-04
E282,M,19,Parakou,Maths,,65.0,10.5,8.6,13.7,2026-04-11
E283,M,19,Bohicon,Maths,8.1,100.0,9.5,5.9,9.6,2026-05-20
E284,M,23,Abomey-Calavi,Maths,11.2,88.0,13.8,,14.8,2026-06-30
E285,F,25,Bohicon,Informatique,13.3,80.0,13.3,10.8,11.0,2026-03-06
E286,F,30,Parakou,Informatique,26.0,99.0,19.3,17.1,17.0,2026-06-22
E287,F,20,Parakou,Maths,8.7,82.0,12.0,10.2,13.0,2026-04-13
E288,M,30,Cotonou,Informatique,16.1,80.0,20.0,17.2,15.0,2026-06-13
E289,M,22,Abomey-Calavi,Informatique,10.3,72.0,13.2,,11.8,2026-03-29
E290,M,20,Porto-Novo,Maths,10.6,87.0,15.1,13.0,12.7,2026-03-21
E291,F,28,Abomey-Calavi,Économie,8.7,86.0,12.8,12.9,18.2,2026-06-27
E292,F,29,Abomey-Calavi,Maths,9.8,80.0,15.2,11.1,13.3,2026-06-30
E293,F,27,Bohicon,Physique,8.1,71.0,10.3,8.9,14.8,2026-07-26
E294,M,20,Bohicon,Maths,14.8,82.0,10.5,10.5,11.3,2026-06-10
E295,M,20,Cotonou,Économie,6.1,79.0,9.1,6.5,9.5,2026-05-09
E296,F,24,Abomey-Calavi,Physique,3.7,64.0,9.9,8.9,7.5,2026-03-30
E297,M,25,Abomey-Calavi,Physique,6.8,62.0,7.6,9.1,9.1,2026-04-14
E298,F,32,Cotonou,Économie,6.4,87.0,9.7,9.1,10.6,2026-06-06
E299,M,23,Cotonou,Économie,6.8,49.0,6.6,7.7,12.5,2026-04-21
E300,F,21,Cotonou,Économie,8.5,82.0,13.7,12.4,13.1,2026-05-12
E301,F,32,Parakou,Économie,6.8,74.0,11.0,9.3,14.0,2026-03-26
E302,M,21,Porto-Novo,Maths,8.4,96.0,13.8,14.0,15.8,2026-05-05
E303,F,19,BOHICON,Informatique,6.8,74.0,11.3,14.1,17.2,2026-04-05
E304,F,24,Porto-Novo,Informatique,11.3,88.0,12.9,11.2,12.3,2026-03-17
E305,F,24,Bohicon,Physique,25.9,75.0,19.4,18.3,20.0,2026-03-20
E306,F,27,Porto-Novo,Informatique,10.2,81.0,9.7,9.8,9.7,2026-05-17
E307,M,31,Parakou,Informatique,7.0,89.0,6.7,9.2,7.9,2026-04-24
E308,M,32,Cotonou,Économie,1.9,74.0,7.6,11.8,7.5,2026-03-15
E309,M,23,abomey-calavi ,Informatique,21.6,92.0,18.5,17.4,20.0,2026-05-17
E310,F,32,Parakou,Maths,10.5,68.0,14.2,9.0,14.4,2026-03-25
E311,M,27,Bohicon,Informatique,8.4,84.0,14.6,13.8,13.2,2026-03-03
E312,F,19,Parakou,Informatique,2.0,91.0,12.1,13.6,16.3,2026-03-20
E313,F,32,Cotonou,Maths,8.6,88.0,10.2,10.0,13.2,2026-05-07
E314,F,20,Porto-Novo,Informatique,9.8,100.0,12.3,13.9,18.3,2026-07-22
E315,M,27,Cotonou,Informatique,6.9,71.0,10.9,9.2,7.2,2026-04-06
E316,M,30,Cotonou,Informatique,4.1,63.0,13.3,8.5,10.8,2026-04-12
E317,M,22,Abomey-Calavi,Informatique,4.0,68.0,11.4,11.0,10.8,2026-04-06
E318,M,22,Abomey-Calavi,Économie,21.8,88.0,19.3,12.9,9.5,2026-04-23
E319,M,25,Parakou,Informatique,9.6,86.0,11.3,10.6,14.4,2026-06-16
E320,M,31,Parakou,Physique,6.9,81.0,9.0,12.5,11.3,2026-04-18
E168,F,28,Cotonou,Économie,9.3,61.0,9.9,8.5,9.7,2026-06-16
E231,M,23,Porto-Novo,Maths,6.1,73.0,6.2,10.3,12.7,2026-06-22
E026,M,20,Parakou,Maths,16.8,93.0,16.3,12.7,14.1,2026-07-06
E064,M,29,Porto-Novo,Économie,7.0,83.0,12.0,9.0,6.7,2026-04-08
E010,F,32,Cotonou,Informatique,11.9,70.0,10.9,11.3,12.9,2026-06-23
E111,F,26,Bohicon,Informatique,1.7,69.0,6.0,6.9,7.0,2026-05-15
